idx	checkpoint	task	pass1_solved	pass1_pct	pass10_solved	pass10_pct	FSP	CER_pct
0	t5_llm/models/t5gemma2-2b_sufu	t5gemma2-2b_sufu	23	39.66	30	53.45	4.86	60.52
1	2026-06-30_10-30-53/best	t5gemma2-2b_sufu	0	0.00	0	0.00	10.00	92.59
2	2026-06-30_10-30-53/epoch_10	t5gemma2-2b_sufu	0	0.00	0	0.00	10.00	88.97
3	2026-06-30_10-30-53/epoch_15	t5gemma2-2b_sufu	0	0.00	0	0.00	10.00	93.10
4	2026-06-30_10-30-53/epoch_20	t5gemma2-2b_sufu	0	0.00	0	0.00	10.00	91.72
5	2026-06-30_10-30-53/epoch_25	t5gemma2-2b_sufu	0	0.00	0	0.00	10.00	92.59
6	2026-06-30_10-30-53/epoch_30	t5gemma2-2b_sufu	0	0.00	0	0.00	10.00	92.59
7	2026-06-30_10-30-53/epoch_35	t5gemma2-2b_sufu	0	0.00	0	0.00	10.00	92.59
8	2026-06-30_10-30-53/epoch_40	t5gemma2-2b_sufu	0	0.00	0	0.00	10.00	92.24
9	2026-06-30_10-30-53/epoch_5	t5gemma2-2b_sufu	0	0.00	0	0.00	10.00	90.69
10	2026-06-30_11-24-20/best	t5gemma2-2b_sufu	24	41.38	32	55.17	4.69	58.79
11	2026-06-30_11-24-20/epoch_10	t5gemma2-2b_sufu	23	39.66	32	55.17	4.79	63.62
12	2026-06-30_11-24-20/epoch_15	t5gemma2-2b_sufu	24	41.38	32	55.17	4.69	58.79
13	2026-06-30_11-24-20/epoch_20	t5gemma2-2b_sufu	24	41.38	32	55.17	4.72	59.14
14	2026-06-30_11-24-20/epoch_25	t5gemma2-2b_sufu	24	41.38	30	53.45	4.86	60.52
15	2026-06-30_11-24-20/epoch_30	t5gemma2-2b_sufu	23	39.66	30	53.45	4.86	60.52
16	2026-06-30_11-24-20/epoch_5	t5gemma2-2b_sufu	10	17.24	16	27.59	7.41	81.90
17	checkpoint_sweep_fine_v2_20260730/epoch_0	t5gemma2-2b_sufu	3	5.17	4	6.90	9.34	95.17
18	checkpoint_sweep_fine_v2_20260730/epoch_1	t5gemma2-2b_sufu	4	6.90	7	12.07	8.95	85.17
19	checkpoint_sweep_fine_v2_20260730/epoch_10	t5gemma2-2b_sufu	21	36.21	29	50.00	5.34	57.76
20	checkpoint_sweep_fine_v2_20260730/epoch_2	t5gemma2-2b_sufu	10	17.24	14	24.14	7.78	71.03
21	checkpoint_sweep_fine_v2_20260730/epoch_3	t5gemma2-2b_sufu	12	20.69	14	24.14	7.64	81.55
22	checkpoint_sweep_fine_v2_20260730/epoch_4	t5gemma2-2b_sufu	2	3.45	2	3.45	9.66	93.45
23	checkpoint_sweep_fine_v2_20260730/epoch_5	t5gemma2-2b_sufu	15	25.86	18	31.03	7.02	72.93
24	checkpoint_sweep_fine_v2_20260730/epoch_6	t5gemma2-2b_sufu	15	25.86	20	34.48	6.81	68.45
25	checkpoint_sweep_fine_v2_20260730/epoch_7	t5gemma2-2b_sufu	12	20.69	18	31.03	7.03	76.90
26	checkpoint_sweep_fine_v2_20260730/epoch_8	t5gemma2-2b_sufu	17	29.31	26	44.83	6.07	57.93
27	checkpoint_sweep_fine_v2_20260730/epoch_9	t5gemma2-2b_sufu	20	34.48	24	41.38	6.00	60.34
28	checkpoint_sweep_steps_v3_20260730/epoch_7_step_100	t5gemma2-2b_sufu	18	31.03	25	43.10	6.07	58.79
29	checkpoint_sweep_steps_v3_20260730/epoch_7_step_125	t5gemma2-2b_sufu	20	34.48	26	44.83	5.78	59.66
30	checkpoint_sweep_steps_v3_20260730/epoch_7_step_150	t5gemma2-2b_sufu	21	36.21	26	44.83	5.66	60.17
31	checkpoint_sweep_steps_v3_20260730/epoch_7_step_175	t5gemma2-2b_sufu	23	39.66	26	44.83	5.71	63.45
32	checkpoint_sweep_steps_v3_20260730/epoch_7_step_200	t5gemma2-2b_sufu	23	39.66	27	46.55	5.64	62.59
33	checkpoint_sweep_steps_v3_20260730/epoch_7_step_225	t5gemma2-2b_sufu	22	37.93	27	46.55	5.60	59.31
34	checkpoint_sweep_steps_v3_20260730/epoch_7_step_25	t5gemma2-2b_sufu	18	31.03	24	41.38	6.19	59.31
35	checkpoint_sweep_steps_v3_20260730/epoch_7_step_50	t5gemma2-2b_sufu	19	32.76	24	41.38	6.10	60.52
36	checkpoint_sweep_steps_v3_20260730/epoch_7_step_75	t5gemma2-2b_sufu	18	31.03	25	43.10	6.07	58.28
37	checkpoint_sweep_steps_v3_20260730/epoch_8_step_100	t5gemma2-2b_sufu	11	18.97	17	29.31	7.24	82.41
38	checkpoint_sweep_steps_v3_20260730/epoch_8_step_125	t5gemma2-2b_sufu	10	17.24	15	25.86	7.60	79.83
39	checkpoint_sweep_steps_v3_20260730/epoch_8_step_150	t5gemma2-2b_sufu	15	25.86	20	34.48	6.81	76.72
40	checkpoint_sweep_steps_v3_20260730/epoch_8_step_175	t5gemma2-2b_sufu	18	31.03	20	34.48	6.64	76.55
41	checkpoint_sweep_steps_v3_20260730/epoch_8_step_200	t5gemma2-2b_sufu	13	22.41	14	24.14	7.60	82.07
42	checkpoint_sweep_steps_v3_20260730/epoch_8_step_225	t5gemma2-2b_sufu	18	31.03	23	39.66	6.34	75.52
43	checkpoint_sweep_steps_v3_20260730/epoch_8_step_25	t5gemma2-2b_sufu	21	36.21	28	48.28	5.36	58.28
44	checkpoint_sweep_steps_v3_20260730/epoch_8_step_50	t5gemma2-2b_sufu	21	36.21	28	48.28	5.38	58.79
45	checkpoint_sweep_steps_v3_20260730/epoch_8_step_75	t5gemma2-2b_sufu	21	36.21	29	50.00	5.38	58.97
46	checkpoint_sweep_steps_v3_20260730/epoch_9_step_100	t5gemma2-2b_sufu	14	24.14	16	27.59	7.29	81.21
47	checkpoint_sweep_steps_v3_20260730/epoch_9_step_125	t5gemma2-2b_sufu	11	18.97	18	31.03	7.19	77.76
48	checkpoint_sweep_steps_v3_20260730/epoch_9_step_150	t5gemma2-2b_sufu	21	36.21	26	44.83	5.67	67.59
49	checkpoint_sweep_steps_v3_20260730/epoch_9_step_175	t5gemma2-2b_sufu	15	25.86	22	37.93	6.66	71.21
50	checkpoint_sweep_steps_v3_20260730/epoch_9_step_200	t5gemma2-2b_sufu	20	34.48	23	39.66	6.26	64.31
51	checkpoint_sweep_steps_v3_20260730/epoch_9_step_225	t5gemma2-2b_sufu	16	27.59	27	46.55	5.88	68.10
52	checkpoint_sweep_steps_v3_20260730/epoch_9_step_25	t5gemma2-2b_sufu	11	18.97	16	27.59	7.34	78.97
53	checkpoint_sweep_steps_v3_20260730/epoch_9_step_50	t5gemma2-2b_sufu	7	12.07	11	18.97	8.24	85.69
54	checkpoint_sweep_steps_v3_20260730/epoch_9_step_75	t5gemma2-2b_sufu	12	20.69	14	24.14	7.67	83.97
55	checkpoint_sweep_steps_v4_20260730/epoch_7_step_10	t5gemma2-2b_sufu	14	24.14	27	46.55	6.05	68.79
56	checkpoint_sweep_steps_v4_20260730/epoch_7_step_15	t5gemma2-2b_sufu	14	24.14	26	44.83	6.09	70.00
57	checkpoint_sweep_steps_v4_20260730/epoch_7_step_20	t5gemma2-2b_sufu	20	34.48	29	50.00	5.31	65.17
58	checkpoint_sweep_steps_v4_20260730/epoch_7_step_25	t5gemma2-2b_sufu	19	32.76	29	50.00	5.48	64.48
59	checkpoint_sweep_steps_v4_20260730/epoch_7_step_5	t5gemma2-2b_sufu	15	25.86	27	46.55	5.72	62.76
